famille,pg_id,gamme,alias,pg_level,pg_top,g_level_estime,keyword_generique,keyword_voiture
"Filtres",8,"Filtre à air",filtre-a-air,1,1,G1,"filtre à air","filtre à air voiture"
"Filtres",9,"Filtre à carburant",filtre-a-carburant,1,1,G1,"filtre à carburant","filtre à carburant voiture"
"Filtres",7,"Filtre à huile",filtre-a-huile,1,1,G1,"filtre à huile","filtre à huile voiture"
"Filtres",424,"Filtre d'habitacle",filtre-d-habitacle,1,0,G2,"filtre d'habitacle","filtre d'habitacle voiture"
"Filtres",416,"Filtre de boîte auto",filtre-de-boite-auto,1,0,G2,"filtre de boîte auto","filtre de boîte auto voiture"
"Freinage",415,"Agregat de freinage",agregat-de-freinage,1,0,G2,"agregat de freinage","agregat de freinage voiture"
"Freinage",124,"Câble de frein à main",cable-de-frein-a-main,1,0,G2,"câble de frein à main","câble de frein à main voiture"
"Freinage",412,"Capteur ABS",capteur-abs,1,0,G2,"capteur abs","capteur abs voiture"
"Freinage",277,"Cylindre de roue",cylindre-de-roue,1,0,G2,"cylindre de roue","cylindre de roue voiture"
"Freinage",82,"Disque de frein",disque-de-frein,1,1,G1,"disque de frein","disque de frein voiture"
"Freinage",78,"Étrier de frein",etrier-de-frein,1,0,G2,"étrier de frein","étrier de frein voiture"
"Freinage",83,"Flexible de frein",flexible-de-frein,1,0,G2,"flexible de frein","flexible de frein voiture"
"Freinage",806,"Interrupteur des feux de freins",interrupteur-des-feux-de-freins,1,0,G2,"interrupteur des feux de freins","interrupteur des feux de freins voiture"
"Freinage",3859,"Kit de freins arrière",kit-de-freins-arriere,1,0,G2,"kit de freins arrière","kit de freins arrière voiture"
"Freinage",70,"Mâchoires de frein",machoires-de-frein,1,0,G2,"mâchoires de frein","mâchoires de frein voiture"
"Freinage",258,"Maître cylindre de frein",maitre-cylindre-de-frein,1,0,G2,"maître cylindre de frein","maître cylindre de frein voiture"
"Freinage",402,"Plaquette de frein",plaquette-de-frein,1,1,G1,"plaquette de frein","plaquette de frein voiture"
"Freinage",387,"Pompe à vide de freinage",pompe-a-vide-de-freinage,2,0,G3,"pompe à vide de freinage","pompe à vide de freinage voiture"
"Freinage",73,"Répartiteur de frein",repartiteur-de-frein,2,0,G3,"répartiteur de frein","répartiteur de frein voiture"
"Freinage",74,"Servo frein",servo-frein,1,0,G2,"servo frein","servo frein voiture"
"Freinage",123,"Tambour de frein",tambour-de-frein,1,0,G2,"tambour de frein","tambour de frein voiture"
"Freinage",407,"Témoin d'usure",temoin-d-usure,1,0,G2,"témoin d'usure","témoin d'usure voiture"
"Freinage",54,"Vis de disque",vis-de-disque,2,0,G3,"vis de disque","vis de disque voiture"
"Courroie, galet, poulie et chaîne",1123,"Chaîne de distribution",chaine-de-distribution,1,0,G2,"chaîne de distribution","chaîne de distribution voiture"
"Courroie, galet, poulie et chaîne",10,"Courroie d'accessoire",courroie-d-accessoire,1,1,G1,"courroie d'accessoire","courroie d'accessoire voiture"
"Courroie, galet, poulie et chaîne",306,"Courroie de distribution",courroie-de-distribution,1,0,G2,"courroie de distribution","courroie de distribution voiture"
"Courroie, galet, poulie et chaîne",312,"Galet enrouleur de courroie d'accessoire",galet-enrouleur-de-courroie-d-accessoire,1,0,G2,"galet enrouleur de courroie d'accessoire","galet enrouleur de courroie d'accessoire voiture"
"Courroie, galet, poulie et chaîne",313,"Galet enrouleur de courroie de distribution",galet-enrouleur-de-courroie-de-distribution,2,0,G3,"galet enrouleur de courroie de distribution","galet enrouleur de courroie de distribution voiture"
"Courroie, galet, poulie et chaîne",310,"Galet tendeur de courroie d'accessoire",galet-tendeur-de-courroie-d-accessoire,1,0,G2,"galet tendeur de courroie d'accessoire","galet tendeur de courroie d'accessoire voiture"
"Courroie, galet, poulie et chaîne",308,"Galet tendeur de courroie de distribution",galet-tendeur-de-courroie-de-distribution,2,0,G3,"galet tendeur de courroie de distribution","galet tendeur de courroie de distribution voiture"
"Courroie, galet, poulie et chaîne",1389,"Kit de chaîne de distribution",kit-de-chaine-de-distribution,1,0,G2,"kit de chaîne de distribution","kit de chaîne de distribution voiture"
"Courroie, galet, poulie et chaîne",307,"Kit de distribution",kit-de-distribution,1,1,G1,"kit de distribution","kit de distribution voiture"
"Courroie, galet, poulie et chaîne",1260,"Pompe à eau",pompe-a-eau,1,1,G1,"pompe à eau","pompe à eau voiture"
"Courroie, galet, poulie et chaîne",1108,"Poulie d'alternateur",poulie-d-alternateur,1,0,G2,"poulie d'alternateur","poulie d'alternateur voiture"
"Courroie, galet, poulie et chaîne",1067,"Poulie d'arbre à came",poulie-d-arbre-a-came,1,0,G2,"poulie d'arbre à came","poulie d'arbre à came voiture"
"Courroie, galet, poulie et chaîne",3213,"Poulie vilebrequin",poulie-vilebrequin,1,0,G2,"poulie vilebrequin","poulie vilebrequin voiture"
"Préchauffage et allumage",689,"Bobine d'allumage",bobine-d-allumage,1,0,G2,"bobine d'allumage","bobine d'allumage voiture"
"Préchauffage et allumage",1750,"Boîtier de préchauffage",boitier-de-prechauffage,1,0,G2,"boîtier de préchauffage","boîtier de préchauffage voiture"
"Préchauffage et allumage",686,"Bougie d'allumage",bougie-d-allumage,1,1,G1,"bougie d'allumage","bougie d'allumage voiture"
"Préchauffage et allumage",243,"Bougie de préchauffage",bougie-de-prechauffage,1,1,G1,"bougie de préchauffage","bougie de préchauffage voiture"
"Préchauffage et allumage",683,"Distributeur d'allumage",distributeur-d-allumage,2,0,G3,"distributeur d'allumage","distributeur d'allumage voiture"
"Préchauffage et allumage",685,"Faisceau d'allumage",faisceau-d-allumage,1,0,G2,"faisceau d'allumage","faisceau d'allumage voiture"
"Préchauffage et allumage",1218,"Module d'allumage",module-d-allumage,2,0,G3,"module d'allumage","module d'allumage voiture"
"Direction et liaison au sol",130,"Amortisseur de direction",amortisseur-de-direction,2,0,G3,"amortisseur de direction","amortisseur de direction voiture"
"Direction et liaison au sol",285,"Barre de direction",barre-de-direction,1,0,G2,"barre de direction","barre de direction voiture"
"Direction et liaison au sol",274,"Barre stabilisatrice",barre-stabilisatrice,2,0,G3,"barre stabilisatrice","barre stabilisatrice voiture"
"Direction et liaison au sol",3230,"Biellette de barre stabilisatrice",biellette-de-barre-stabilisatrice,1,0,G2,"biellette de barre stabilisatrice","biellette de barre stabilisatrice voiture"
"Direction et liaison au sol",273,"Bras de suspension",bras-de-suspension,1,1,G1,"bras de suspension","bras de suspension voiture"
"Direction et liaison au sol",1211,"Colonne de direction",colonne-de-direction,1,0,G2,"colonne de direction","colonne de direction voiture"
"Direction et liaison au sol",286,"Crémaillière de direction",cremailliere-de-direction,1,0,G2,"crémaillière de direction","crémaillière de direction voiture"
"Direction et liaison au sol",3252,"Détecteur de l'angle de braquage",detecteur-de-l-angle-de-braquage,2,0,G3,"détecteur de l'angle de braquage","détecteur de l'angle de braquage voiture"
"Direction et liaison au sol",653,"Moyeu de roue",moyeu-de-roue,2,0,G3,"moyeu de roue","moyeu de roue voiture"
"Direction et liaison au sol",12,"Pompe de direction assistée",pompe-de-direction-assistee,1,0,G2,"pompe de direction assistée","pompe de direction assistée voiture"
"Direction et liaison au sol",2066,"Rotule de direction",rotule-de-direction,1,1,G1,"rotule de direction","rotule de direction voiture"
"Direction et liaison au sol",2462,"Rotule de suspension",rotule-de-suspension,1,1,G1,"rotule de suspension","rotule de suspension voiture"
"Direction et liaison au sol",655,"Roulement de roue",roulement-de-roue,1,0,G2,"roulement de roue","roulement de roue voiture"
"Direction et liaison au sol",191,"Soufflet de direction",soufflet-de-direction,1,0,G2,"soufflet de direction","soufflet de direction voiture"
"Amortisseur et suspension",854,"Amortisseur",amortisseur,1,1,G1,"amortisseur","amortisseur voiture"
"Amortisseur et suspension",1182,"Butée élastique d'amortisseur",butee-elastique-d-amortisseur,1,0,G2,"butée élastique d'amortisseur","butée élastique d'amortisseur voiture"
"Amortisseur et suspension",1632,"Kit de butée de suspension",kit-de-butee-de-suspension,1,0,G2,"kit de butée de suspension","kit de butée de suspension voiture"
"Amortisseur et suspension",188,"Ressort de suspension",ressort-de-suspension,1,0,G2,"ressort de suspension","ressort de suspension voiture"
"Amortisseur et suspension",1718,"Sphère de suspension",sphere-de-suspension,2,0,G3,"sphère de suspension","sphère de suspension voiture"
"Support moteur",249,"Support de boîte vitesse",support-de-boite-vitesse,1,0,G2,"support de boîte vitesse","support de boîte vitesse voiture"
"Support moteur",247,"Support moteur",support-moteur,1,1,G1,"support moteur","support moteur voiture"
"Embrayage",48,"Butée d'embrayage",butee-d-embrayage,1,0,G2,"butée d'embrayage","butée d'embrayage voiture"
"Embrayage",478,"Câble d'embrayage",cable-d-embrayage,1,0,G2,"câble d'embrayage","câble d'embrayage voiture"
"Embrayage",234,"Emetteur d'embrayage",emetteur-d-embrayage,1,0,G2,"emetteur d'embrayage","emetteur d'embrayage voiture"
"Embrayage",3419,"Fourchette d'embrayage",fourchette-d-embrayage,2,0,G3,"fourchette d'embrayage","fourchette d'embrayage voiture"
"Embrayage",4688,"Guide d'embrayage",guide-d-embrayage,2,0,G3,"guide d'embrayage","guide d'embrayage voiture"
"Embrayage",479,"Kit d'embrayage",kit-d-embrayage,1,1,G1,"kit d'embrayage","kit d'embrayage voiture"
"Embrayage",620,"Récepteur d'embrayage",recepteur-d-embrayage,1,0,G2,"récepteur d'embrayage","récepteur d'embrayage voiture"
"Embrayage",1650,"Tringle de vitesses",tringle-de-vitesses,2,0,G3,"tringle de vitesses","tringle de vitesses voiture"
"Embrayage",577,"Volant moteur",volant-moteur,1,0,G2,"volant moteur","volant moteur voiture"
"Transmission",624,"Bague d'étanchéité cardan",bague-d-etancheite-cardan,2,0,G3,"bague d'étanchéité cardan","bague d'étanchéité cardan voiture"
"Transmission",13,"Cardan",cardan,1,1,G1,"cardan","cardan voiture"
"Transmission",1427,"Joint arbre longitudinal",joint-arbre-longitudinal,2,0,G3,"joint arbre longitudinal","joint arbre longitudinal voiture"
"Transmission",2109,"Palier d'arbre de transmission",palier-d-arbre-de-transmission,2,0,G3,"palier d'arbre de transmission","palier d'arbre de transmission voiture"
"Transmission",193,"Soufflet de Cardan",soufflet-de-cardan,1,0,G2,"soufflet de cardan","soufflet de cardan voiture"
"Transmission",1147,"Trépied arbre de commande",trepied-arbre-de-commande,2,0,G3,"trépied arbre de commande","trépied arbre de commande voiture"
"Système électrique",4,"Alternateur",alternateur,1,1,G1,"alternateur","alternateur voiture"
"Système électrique",682,"Contacteur démarreur",contacteur-demarreur,2,0,G3,"contacteur démarreur","contacteur démarreur voiture"
"Système électrique",2,"Démarreur",demarreur,1,1,G1,"démarreur","démarreur voiture"
"Système électrique",1367,"Neiman",neiman,1,0,G2,"neiman","neiman voiture"
"Capteurs",412,"Capteur ABS",capteur-abs,1,0,G2,"capteur abs","capteur abs voiture"
"Capteurs",3921,"Capteur de cognement",capteur-de-cognement,1,0,G2,"capteur de cognement","capteur de cognement voiture"
"Capteurs",3908,"Capteur de pédale d'accélérateur",capteur-de-pedale-d-accelerateur,2,0,G3,"capteur de pédale d'accélérateur","capteur de pédale d'accélérateur voiture"
"Capteurs",3996,"Capteur de pression Common Rail",capteur-de-pression-common-rail,2,0,G3,"capteur de pression common rail","capteur de pression common rail voiture"
"Capteurs",4813,"Capteur impulsion",capteur-impulsion,1,0,G2,"capteur impulsion","capteur impulsion voiture"
"Capteurs",1289,"Capteur niveau d'huile moteur",capteur-niveau-d-huile-moteur,1,0,G2,"capteur niveau d'huile moteur","capteur niveau d'huile moteur voiture"
"Capteurs",817,"Capteur pression de carburant",capteur-pression-de-carburant,1,0,G2,"capteur pression de carburant","capteur pression de carburant voiture"
"Capteurs",4272,"Capteur pression de gaz d'échappement",capteur-pression-de-gaz-d-echappement,2,0,G3,"capteur pression de gaz d'échappement","capteur pression de gaz d'échappement voiture"
"Capteurs",3947,"Capteur pression du tuyau d'admission",capteur-pression-du-tuyau-d-admission,1,0,G2,"capteur pression du tuyau d'admission","capteur pression du tuyau d'admission voiture"
"Capteurs",4175,"Capteur pression et température d'huile",capteur-pression-et-temperature-d-huile,1,0,G2,"capteur pression et température d'huile","capteur pression et température d'huile voiture"
"Capteurs",3939,"Capteur température d'air admission",capteur-temperature-d-air-admission,1,0,G2,"capteur température d'air admission","capteur température d'air admission voiture"
"Capteurs",3890,"Electrovanne",electrovanne,2,0,G3,"electrovanne","electrovanne voiture"
"Capteurs",806,"Interrupteur des feux de freins",interrupteur-des-feux-de-freins,1,0,G2,"interrupteur des feux de freins","interrupteur des feux de freins voiture"
"Capteurs",2197,"Interrupteur position de marche",interrupteur-position-de-marche,2,0,G3,"interrupteur position de marche","interrupteur position de marche voiture"
"Capteurs",805,"Pressostat d'huile",pressostat-d-huile,1,0,G2,"pressostat d'huile","pressostat d'huile voiture"
"Capteurs",830,"Sonde de refroidissement",sonde-de-refroidissement,1,0,G2,"sonde de refroidissement","sonde de refroidissement voiture"
"Capteurs",3922,"Sonde lambda",sonde-lambda,1,0,G2,"sonde lambda","sonde lambda voiture"
"Capteurs",1298,"Valve de réglage du ralenti",valve-de-reglage-du-ralenti,1,0,G2,"valve de réglage du ralenti","valve de réglage du ralenti voiture"
"Système d'alimentation",1303,"Accumulateur de pression de carburant",accumulateur-de-pression-de-carburant,2,0,G3,"accumulateur de pression de carburant","accumulateur de pression de carburant voiture"
"Système d'alimentation",158,"Boîtier papillon",corps-papillon,1,0,G2,"boîtier papillon","boîtier papillon voiture"
"Système d'alimentation",3916,"Conduite à haute pression d'injection",conduite-a-haute-pression-d-injection,2,0,G3,"conduite à haute pression d'injection","conduite à haute pression d'injection voiture"
"Système d'alimentation",3927,"Débitmètre d'air",debitmetre-d-air,1,1,G1,"débitmètre d'air","débitmètre d'air voiture"
"Système d'alimentation",3902,"Injecteur",injecteur,1,0,G2,"injecteur","injecteur voiture"
"Système d'alimentation",3894,"Joint d'injecteur",joint-d-injecteur,1,0,G2,"joint d'injecteur","joint d'injecteur voiture"
"Système d'alimentation",3893,"Joint de pompe d'injection",joint-de-pompe-d-injection,2,0,G3,"joint de pompe d'injection","joint de pompe d'injection voiture"
"Système d'alimentation",903,"Pompe à air",pompe-a-air,2,0,G3,"pompe à air","pompe à air voiture"
"Système d'alimentation",458,"Pompe à carburant",pompe-a-carburant,1,1,G1,"pompe à carburant","pompe à carburant voiture"
"Système d'alimentation",3918,"Pompe à haute pression",pompe-a-haute-pression,2,0,G3,"pompe à haute pression","pompe à haute pression voiture"
"Système d'alimentation",3904,"Pompe à injection",pompe-a-injection,2,0,G3,"pompe à injection","pompe à injection voiture"
"Système d'alimentation",862,"Pompe d'amorcage",pompe-d-amorcage,2,0,G3,"pompe d'amorcage","pompe d'amorcage voiture"
"Système d'alimentation",3640,"Refroidisseur de carburant",refroidisseur-de-carburant,2,0,G3,"refroidisseur de carburant","refroidisseur de carburant voiture"
"Système d'alimentation",168,"Régulateur de pression carburant",regulateur-de-pression-carburant,2,0,G3,"régulateur de pression carburant","régulateur de pression carburant voiture"
"Système d'alimentation",904,"Soupape d'air secondaire",soupape-d-air-secondaire,2,0,G3,"soupape d'air secondaire","soupape d'air secondaire voiture"
"Système d'alimentation",1136,"Soupape d'aspiration d'air secondaire",soupape-d-aspiration-d-air-secondaire,2,0,G3,"soupape d'aspiration d'air secondaire","soupape d'aspiration d'air secondaire voiture"
"Système d'alimentation",5656,"Soupape de rampe commune d'injection",soupape-de-rampe-commune-d-injection,2,0,G3,"soupape de rampe commune d'injection","soupape de rampe commune d'injection voiture"
"Système d'alimentation",1137,"Soupape réaspiration des gaz d'échappement",soupape-reaspiration-des-gaz-d-echappement,2,0,G3,"soupape réaspiration des gaz d'échappement","soupape réaspiration des gaz d'échappement voiture"
"Système d'alimentation",3964,"Tube de distributeur carburant",tube-de-distributeur-carburant,2,0,G3,"tube de distributeur carburant","tube de distributeur carburant voiture"
"Système d'alimentation",3937,"Tuyau carburant de fuite",tuyau-carburant-de-fuite,2,0,G3,"tuyau carburant de fuite","tuyau carburant de fuite voiture"
"Système d'alimentation",1145,"Vanne EGR",vanne-egr,1,1,G1,"vanne egr","vanne egr voiture"
"Moteur",566,"Arbre à came",arbre-a-came,2,0,G3,"arbre à came","arbre à came voiture"
"Moteur",626,"Bague d'étanchéité boîte automatique",bague-d-etancheite-boite-automatique,2,0,G3,"bague d'étanchéité boîte automatique","bague d'étanchéité boîte automatique voiture"
"Moteur",3874,"Bagues d'étanchéité moteur",bagues-d-etancheite-moteur,1,0,G2,"bagues d'étanchéité moteur","bagues d'étanchéité moteur voiture"
"Moteur",593,"Bouchon de vidange",bouchon-de-vidange,2,0,G3,"bouchon de vidange","bouchon de vidange voiture"
"Moteur",592,"Carter d'huile",carter-d-huile,1,0,G2,"carter d'huile","carter d'huile voiture"
"Moteur",432,"Culbuteur",culbuteur,2,0,G3,"culbuteur","culbuteur voiture"
"Moteur",2197,"Interrupteur position de marche",interrupteur-position-de-marche,2,0,G3,"interrupteur position de marche","interrupteur position de marche voiture"
"Moteur",599,"Jauge de niveau d'huile",jauge-de-niveau-d-huile,2,0,G3,"jauge de niveau d'huile","jauge de niveau d'huile voiture"
"Moteur",568,"Joint carter de distribution",joint-carter-de-distribution,2,0,G3,"joint carter de distribution","joint carter de distribution voiture"
"Moteur",128,"Joint chemise de cylindre",joint-chemise-de-cylindre,2,0,G3,"joint chemise de cylindre","joint chemise de cylindre voiture"
"Moteur",146,"Joint de boîte vitesse",joint-de-boite-vitesse,2,0,G3,"joint de boîte vitesse","joint de boîte vitesse voiture"
"Moteur",321,"Joint de cache culbuteurs",joint-de-cache-culbuteurs,1,0,G2,"joint de cache culbuteurs","joint de cache culbuteurs voiture"
"Moteur",455,"Joint de carter d'huile",joint-de-carter-d-huile,2,0,G3,"joint de carter d'huile","joint de carter d'huile voiture"
"Moteur",40,"Joint de collecteur",joint-de-collecteur,1,0,G2,"joint de collecteur","joint de collecteur voiture"
"Moteur",318,"Joint de culasse",joint-de-culasse,1,0,G2,"joint de culasse","joint de culasse voiture"
"Moteur",322,"Joint tige de soupape",joint-tige-de-soupape,2,0,G3,"joint tige de soupape","joint tige de soupape voiture"
"Moteur",3320,"Kit de poussoir culbuteur",kit-de-poussoir-culbuteur,2,0,G3,"kit de poussoir culbuteur","kit de poussoir culbuteur voiture"
"Moteur",3072,"Mécatronique boîte automatique",mecatronique-boite-automatique,2,0,G3,"mécatronique boîte automatique","mécatronique boîte automatique voiture"
"Moteur",560,"Pochette joints moteur",pochette-joints-moteur,2,0,G3,"pochette joints moteur","pochette joints moteur voiture"
"Moteur",596,"Pompe à huile",pompe-a-huile,2,0,G3,"pompe à huile","pompe à huile voiture"
"Moteur",1216,"Poussoir de soupape",poussoir-de-soupape,1,0,G2,"poussoir de soupape","poussoir de soupape voiture"
"Moteur",469,"Radiateur d'huile",radiateur-d-huile,2,0,G3,"radiateur d'huile","radiateur d'huile voiture"
"Moteur",1269,"Soupape d'admission",soupape-d-admission,1,0,G2,"soupape d'admission","soupape d'admission voiture"
"Moteur",1270,"Soupape d'échappement",soupape-d-echappement,1,0,G2,"soupape d'échappement","soupape d'échappement voiture"
"Moteur",1533,"Vis de culasse",vis-de-culasse,1,0,G2,"vis de culasse","vis de culasse voiture"
"Refroidissement",548,"Bouchon de radiateur",bouchon-de-radiateur,2,0,G3,"bouchon de radiateur","bouchon de radiateur voiture"
"Refroidissement",56,"Bouchon vase d'expansion",bouchon-vase-d-expansion,2,0,G3,"bouchon vase d'expansion","bouchon vase d'expansion voiture"
"Refroidissement",3219,"Bride de liquide de refroidissement",bride-de-liquide-de-refroidissement,2,0,G3,"bride de liquide de refroidissement","bride de liquide de refroidissement voiture"
"Refroidissement",1385,"Commande de ventilation",commande-de-ventilation,1,0,G2,"commande de ventilation","commande de ventilation voiture"
"Refroidissement",475,"Durite de refroidissement",durite-de-refroidissement,1,0,G2,"durite de refroidissement","durite de refroidissement voiture"
"Refroidissement",792,"Moteur électrique de ventilateur",moteur-electrique-de-ventilateur,2,0,G3,"moteur électrique de ventilateur","moteur électrique de ventilateur voiture"
"Refroidissement",1260,"Pompe à eau",pompe-a-eau,1,1,G1,"pompe à eau","pompe à eau voiture"
"Refroidissement",2669,"Pulseur d'air d'habitacle",pulseur-d-air-d-habitacle,1,0,G2,"pulseur d'air d'habitacle","pulseur d'air d'habitacle voiture"
"Refroidissement",467,"Radiateur de chauffage",radiateur-de-chauffage,1,0,G2,"radiateur de chauffage","radiateur de chauffage voiture"
"Refroidissement",470,"Radiateur de refroidissement",radiateur-de-refroidissement,1,1,G1,"radiateur de refroidissement","radiateur de refroidissement voiture"
"Refroidissement",830,"Sonde de refroidissement",sonde-de-refroidissement,1,0,G2,"sonde de refroidissement","sonde de refroidissement voiture"
"Refroidissement",316,"Thermostat",thermostat,1,0,G2,"thermostat","thermostat voiture"
"Refroidissement",397,"Vase d'expansion",vase-d-expansion,2,0,G3,"vase d'expansion","vase d'expansion voiture"
"Refroidissement",508,"Ventilateur de refroidissement",ventilateur-de-refroidissement,1,0,G2,"ventilateur de refroidissement","ventilateur de refroidissement voiture"
"Climatisation",851,"Bouteille déshydratante",bouteille-deshydratante,1,0,G2,"bouteille déshydratante","bouteille déshydratante voiture"
"Climatisation",2054,"Capteur température de climatisation",capteur-temperature-de-climatisation,1,0,G2,"capteur température de climatisation","capteur température de climatisation voiture"
"Climatisation",1385,"Commande de ventilation",commande-de-ventilation,1,0,G2,"commande de ventilation","commande de ventilation voiture"
"Climatisation",447,"Compresseur de climatisation",compresseur-de-climatisation,1,1,G1,"compresseur de climatisation","compresseur de climatisation voiture"
"Climatisation",448,"Condenseur de climatisation",condenseur-de-climatisation,1,0,G2,"condenseur de climatisation","condenseur de climatisation voiture"
"Climatisation",2094,"Conduite de climatisation",conduite-de-climatisation,2,0,G3,"conduite de climatisation","conduite de climatisation voiture"
"Climatisation",183,"Détendeur de climatisation",detendeur-de-climatisation,1,0,G2,"détendeur de climatisation","détendeur de climatisation voiture"
"Climatisation",471,"Evaporateur de climatisation",evaporateur-de-climatisation,1,0,G2,"evaporateur de climatisation","evaporateur de climatisation voiture"
"Climatisation",424,"Filtre d'habitacle",filtre-d-habitacle,1,0,G2,"filtre d'habitacle","filtre d'habitacle voiture"
"Climatisation",2408,"Gicleur détendeur",gicleur-detendeur,2,0,G3,"gicleur détendeur","gicleur détendeur voiture"
"Climatisation",1360,"Pressostat de climatisation",pressostat-de-climatisation,2,0,G3,"pressostat de climatisation","pressostat de climatisation voiture"
"Climatisation",2669,"Pulseur d'air d'habitacle",pulseur-d-air-d-habitacle,1,0,G2,"pulseur d'air d'habitacle","pulseur d'air d'habitacle voiture"
"Climatisation",2073,"Valve magnétique",valve-magnetique,2,0,G3,"valve magnétique","valve magnétique voiture"
"Echappement",429,"Catalyseur",catalyseur,1,0,G2,"catalyseur","catalyseur voiture"
"Echappement",1543,"Collecteur d'échappement",collecteur-d-echappement,2,0,G3,"collecteur d'échappement","collecteur d'échappement voiture"
"Echappement",1256,"FAP",fap,1,0,G2,"fap","fap voiture"
"Echappement",138,"Joint d'échappement",joint-d-echappement,2,0,G3,"joint d'échappement","joint d'échappement voiture"
"Echappement",26,"Silencieux",silencieux,1,0,G2,"silencieux","silencieux voiture"
"Echappement",3922,"Sonde lambda",sonde-lambda,1,0,G2,"sonde lambda","sonde lambda voiture"
"Echappement",17,"Tube d'échappement",tube-d-echappement,1,0,G2,"tube d'échappement","tube d'échappement voiture"
"Eclairage",117,"Ampoule éclairage intérieur",ampoule-eclairage-interieur,2,0,G3,"ampoule éclairage intérieur","ampoule éclairage intérieur voiture"
"Eclairage",115,"Ampoule feu arrière",ampoule-feu-arriere,2,0,G3,"ampoule feu arrière","ampoule feu arrière voiture"
"Eclairage",107,"Ampoule feu avant",ampoule-feu-avant,2,0,G3,"ampoule feu avant","ampoule feu avant voiture"
"Eclairage",105,"Ampoule feu clignotant",ampoule-feu-clignotant,2,0,G3,"ampoule feu clignotant","ampoule feu clignotant voiture"
"Eclairage",2126,"Ampoule feu de position",ampoule-feu-de-position,2,0,G3,"ampoule feu de position","ampoule feu de position voiture"
"Eclairage",114,"Ampoule feu de recul",ampoule-feu-de-recul,2,0,G3,"ampoule feu de recul","ampoule feu de recul voiture"
"Eclairage",112,"Ampoule feu éclaireur de plaque",ampoule-feu-eclaireur-de-plaque,2,0,G3,"ampoule feu éclaireur de plaque","ampoule feu éclaireur de plaque voiture"
"Eclairage",111,"Ampoule feu stop",ampoule-feu-stop,2,0,G3,"ampoule feu stop","ampoule feu stop voiture"
"Eclairage",1431,"Ballast à lampe xénon",ballast-a-lampe-xenon,2,0,G3,"ballast à lampe xénon","ballast à lampe xénon voiture"
"Eclairage",1432,"Commande correcteur de portée",commande-correcteur-de-portee,2,0,G3,"commande correcteur de portée","commande correcteur de portée voiture"
"Eclairage",809,"Commande d'éclairage",commande-d-eclairage,1,0,G2,"commande d'éclairage","commande d'éclairage voiture"
"Eclairage",807,"Contacteur feu de recul",contacteur-de-feu-de-recul,1,0,G2,"contacteur feu de recul","contacteur feu de recul voiture"
"Eclairage",700,"Correcteur de portée",correcteur-de-portee,2,0,G3,"correcteur de portée","correcteur de portée voiture"
"Eclairage",290,"Feu arrière",feu-arriere,1,0,G2,"feu arrière","feu arrière voiture"
"Eclairage",259,"Feu avant",feu-avant,1,0,G2,"feu avant","feu avant voiture"
"Eclairage",62,"Feu clignotant",feu-clignotant,1,0,G2,"feu clignotant","feu clignotant voiture"
"Eclairage",289,"Phares antibrouillard",phares-antibrouillard,2,0,G3,"phares antibrouillard","phares antibrouillard voiture"
"Eclairage",61,"Relais de clignotant",relais-de-clignotant,2,0,G3,"relais de clignotant","relais de clignotant voiture"
"Accessoires",39,"Attelage",attelage,1,0,G2,"attelage","attelage voiture"
"Accessoires",297,"Avertisseur sonore",avertisseur-sonore,2,0,G3,"avertisseur sonore","avertisseur sonore voiture"
"Accessoires",298,"Balais d'essuie-glace",balais-d-essuie-glace,1,1,G1,"balais d'essuie-glace","balais d'essuie-glace voiture"
"Accessoires",602,"Bouchon réservoir de carburant",bouchon-reservoir-de-carburant,2,0,G3,"bouchon réservoir de carburant","bouchon réservoir de carburant voiture"
"Accessoires",657,"Boulon de roue",boulon-de-roue,2,0,G3,"boulon de roue","boulon de roue voiture"
"Accessoires",301,"Bras d'essuie-glace",bras-d-essuie-glace,2,0,G3,"bras d'essuie-glace","bras d'essuie-glace voiture"
"Accessoires",618,"Câble d'accélérateur",cable-d-accelerateur,2,0,G3,"câble d'accélérateur","câble d'accélérateur voiture"
"Accessoires",1238,"Câble de capot moteur",cable-de-capot-moteur,2,0,G3,"câble de capot moteur","câble de capot moteur voiture"
"Accessoires",2232,"Capteur contrôle de pression des pneus",capteur-controle-de-pression-des-pneus,2,0,G3,"capteur contrôle de pression des pneus","capteur contrôle de pression des pneus voiture"
"Accessoires",2275,"Capteur de pluie",capteur-de-pluie,2,0,G3,"capteur de pluie","capteur de pluie voiture"
"Accessoires",2623,"Capteur parctronic",capteur-parctronic,2,0,G3,"capteur parctronic","capteur parctronic voiture"
"Accessoires",751,"Commande d'essuie-glace",commande-d-essuie-glace,1,0,G2,"commande d'essuie-glace","commande d'essuie-glace voiture"
"Accessoires",179,"Faisceau d'attelage",faisceau-d-attelage,2,0,G3,"faisceau d'attelage","faisceau d'attelage voiture"
"Accessoires",864,"Interrupteur verrouilage des portes",interrupteur-verrouilage-des-portes,2,0,G3,"interrupteur verrouilage des portes","interrupteur verrouilage des portes voiture"
"Accessoires",1561,"Lève-vitre",leve-vitre,1,0,G2,"lève-vitre","lève-vitre voiture"
"Accessoires",295,"Moteur d'essuie-glace",moteur-d-essuie-glace,2,0,G3,"moteur d'essuie-glace","moteur d'essuie-glace voiture"
"Accessoires",1209,"Parctronic",parctronic,2,0,G3,"parctronic","parctronic voiture"
"Accessoires",1373,"Poignée de porte",poignee-de-porte,2,0,G3,"poignée de porte","poignée de porte voiture"
"Accessoires",795,"Pompe nettoyage des phares",pompe-nettoyage-des-phares,2,0,G3,"pompe nettoyage des phares","pompe nettoyage des phares voiture"
"Accessoires",794,"Pompe nettoyage des vitres",pompe-nettoyage-des-vitres,2,0,G3,"pompe nettoyage des vitres","pompe nettoyage des vitres voiture"
"Accessoires",50,"Rétroviseur  extérieur",retroviseur-exterieur,1,0,G2,"rétroviseur  extérieur","rétroviseur  extérieur voiture"
"Accessoires",1361,"Serrure de porte",serrure-de-porte,2,0,G3,"serrure de porte","serrure de porte voiture"
"Accessoires",300,"Tringlerie d'essuie-glace",tringlerie-d-essuie-glace,2,0,G3,"tringlerie d'essuie-glace","tringlerie d'essuie-glace voiture"
"Accessoires",514,"Vérin capot moteur",verin-capot-moteur,2,0,G3,"vérin capot moteur","vérin capot moteur voiture"
"Accessoires",5032,"Vérin de coffre",verin-de-coffre,2,0,G3,"vérin de coffre","vérin de coffre voiture"
"Accessoires",2454,"Vérin vitre arrière",verin-vitre-arriere,2,0,G3,"vérin vitre arrière","vérin vitre arrière voiture"
"Turbo",3553,"Capteur de pression turbo",capteur-de-pression-turbo,2,0,G3,"capteur de pression turbo","capteur de pression turbo voiture"
"Turbo",3314,"Gaine de turbo",gaine-de-turbo,2,0,G3,"gaine de turbo","gaine de turbo voiture"
"Turbo",468,"Intercooler",intercooler,2,0,G3,"intercooler","intercooler voiture"
"Turbo",2234,"Turbo",turbo,1,1,G1,"turbo","turbo voiture"
"Turbo",4314,"Valve de turbo",valve-de-turbo,2,0,G3,"valve de turbo","valve de turbo voiture"